# Domain canonicalization
http://devaland.com/* https://devaland.com/:splat 301
http://www.devaland.com/* https://devaland.com/:splat 301
https://www.devaland.com/* https://devaland.com/:splat 301

# Old subdomain redirects
https://go.devaland.com/* https://devaland.com/contact 301
http://go.devaland.com/* https://devaland.com/contact 301
https://marketing.devaland.com/* https://devaland.com/contact 301
http://marketing.devaland.com/* https://devaland.com/contact 301
https://shop.devaland.com/* https://devaland.com/ 301
http://shop.devaland.com/* https://devaland.com/ 301

# Multi-language cleanup
/en_gb/* https://devaland.com/ 301
/en_au/* https://devaland.com/ 301
/en_ca/* https://devaland.com/ 301
/en_nz/* https://devaland.com/ 301
/en/* https://devaland.com/ 301
/fr/* https://devaland.com/ 301
/de/* https://devaland.com/ 301
/es/* https://devaland.com/ 301
/it/* https://devaland.com/ 301
/pl/* https://devaland.com/ 301
/pt/* https://devaland.com/ 301
/ar/* https://devaland.com/ 301
/ja/* https://devaland.com/ 301
/zh_hk/* https://devaland.com/ 301
/ca/* https://devaland.com/ 301

# Old content/topic redirects
/luxury-travel/* https://devaland.com/ 301
/private-jet-charters/* https://devaland.com/ 301
/*private-jet* https://devaland.com/ 301
/jetcharter https://devaland.com/ 301
/NordVPN https://devaland.com/ 301
/*nordvpn* https://devaland.com/ 301
/*atlas-vpn* https://devaland.com/ 301
/gaming/* https://devaland.com/ 301
/outdoor-living/* https://devaland.com/ 301
/*zosi-4k* https://devaland.com/ 301
/*security-camera* https://devaland.com/ 301
/*power-station* https://devaland.com/ 301
/*ecoflow* https://devaland.com/ 301
/*bitcoin* https://devaland.com/ 301
/*cryptocurrency* https://devaland.com/ 301
/*crypto* https://devaland.com/ 301
/free-online-scientific-calculator https://devaland.com/ 301
/free-online-percentage-calculator https://devaland.com/ 301
/free-jpg-to-pdf-conversion-tool https://devaland.com/ 301
/renewable-energy-directory https://devaland.com/ 301
/intui https://devaland.com/ 301
/FatStacks-Niche-Site-Profits https://devaland.com/ 301

# Blog URL fixes
/blog/klaviyo-black-friday-strategy /blog/maximizing-black-friday-sales-with-klaviyo 301
/blog/klaviyo-sms-marketing-integration /blog/sms-marketing-the-perfect-complement-to-email 301
/blog/restaurant-voice-ai-phone-ordering-2025 /blog/voice-ai-restaurants-phone-orders-reservations-guide 301
/shopify-klaviyo /klaviyo 301
/shopify-voice-ai /voice-ai 301
/roi-calculator /voice-ai#roi-calculator 301
/blog/10-klaviyo-automation-flows-every-e-commerce-store-needs /blog/best-10-klaviyo-automation-flows-every-ecommerce-store-needs 301
/blog/klaviyo-automation-flows-ecommerce /blog/best-10-klaviyo-automation-flows-every-ecommerce-store-needs 301
/blog/10-klaviyo-automation-flows-every-ecommerce-store-needs /blog/10-best-klaviyo-flows-that-increase-revenue-320-2025 301

# Old page structure
/klaviyo-services /klaviyo 301
/services/klaviyo /klaviyo 301
/privacy-policy /privacy 301
/terms-of-service /terms 301
/terms-and-conditions /terms 301
/cookie-policy /cookies 301
/cookies-policy /cookies 301
/digital-marketing-services /services 301
/devaland-marketing-agency-digital-marketing-services /services 301
/devaland-marketing-agency-services /services 301
/about-us-devaland-marketing-agency /about 301
/contact-devaland-digital-marketing-agency /contact 301
/business-automation-blog /blog 301
/career-opportunities /about 301

# URL clean-up
/*?share=:network&* /:splat 301
/*?share=:network /:splat 301
/*?wordfence_logHuman=* /:splat 301
/*/feed/* https://devaland.com/ 301
/feed/* https://devaland.com/ 301

# SPA fallback (must remain last)
/* /index.html 200
